Servers,Strategy,Completed,Rejected,Load Imbalance,Throughput,Rejection Rate
2,Shared (Optimal),35034,124758,0.0,0.008204993026419473,0.7807524782216881
2,Part. Balanced,33547,126246,0.00208339850470798,0.00785673634347474,0.7900596396588085
2,Part. Naive,33639,126154,0.12908937341633558,0.007878282822849936,0.7894838947888831
3,Shared (Optimal),47129,112663,0.0,0.011037652461669331,0.7050603284269551
3,Part. Balanced,44716,115078,0.0026402227296899927,0.010472525779796002,0.720164712066786
3,Part. Naive,43942,115850,0.35605468139018365,0.010291254312009033,0.725005006508461
4,Shared (Optimal),57267,102523,0.0,0.01341198080847074,0.6416108642593403
4,Part. Balanced,53544,106250,0.0041417712015516,0.012540050996363654,0.6649185826751943
4,Part. Naive,47667,112131,0.4903369099383739,0.011163652525841668,0.7017046521233057
